{"cameraMatrix": [[1060.0007876982686, 0.0, 563.5394918687047], [0.0, 1054.03885163074, 407.963717182671], [0.0, 0.0, 1.0]], "distCoeffs": [[0.24453020994118316, -0.43558181585004785, 0.019287152297282662, -0.03163755476801436, 0.48725060387006747]]}