{"distCoeffs": [[0.09538651681474021, 2.81273857019136, 0.039823220934464325, -0.020498898579806246, -12.881984936887626]], "cameraMatrix": [[908.4622370037386, 0.0, 276.57774610111056], [0.0, 907.4782918156229, 313.39369634604884], [0.0, 0.0, 1.0]]}